x,y,y'
0.10,10.01,-0.82457644
0.20,10.02,-0.82457644
0.30,10.05,-0.82457644
0.40,10.08,-0.82457644
0.50,10.13,-0.82457644
0.60,10.18,-0.82457644
0.70,10.25,-0.82457644
0.80,10.32,-0.82457644
0.90,10.41,-0.82457644
1.00,10.50,-0.82457644
1.10,10.61,-0.82457644
1.20,10.72,-0.82457644
1.30,10.85,-0.82457644
1.40,10.98,-0.82457644
1.50,11.13,-0.82457644
1.60,11.28,-0.82457644
1.70,11.45,-0.82457644
1.80,11.62,-0.82457644
1.90,11.81,-0.82457644
2.00,12.00,-0.82457644
2.10,12.21,-0.82457644
2.20,12.42,-0.82457644
2.30,12.65,-0.82457644
2.40,12.88,-0.82457644
2.50,13.13,-0.82457644
2.60,13.38,-0.82181865
2.70,13.65,-0.78650624
2.80,13.92,-0.688562
2.90,14.21,-0.50443804
3.00,14.50,-0.17529756
3.10,14.81,0.31788749
3.20,15.12,1.1004422
3.30,15.45,2.2321253
3.40,15.78,3.7051888
3.50,16.13,5.546564
3.60,16.48,7.871785
3.70,16.85,10.621177
3.80,17.22,13.604594
3.90,17.61,16.702875
4.00,18.00,19.853134
4.10,18.41,23.016281
4.20,18.82,26.192776
4.30,19.25,29.380005
4.40,19.68,32.567238
4.50,20.13,35.75849
4.60,20.58,38.95275
4.70,21.05,42.146976
4.80,21.52,45.341263
4.90,22.01,48.536743
5.00,22.50,51.736908
5.10,23.01,54.937065
5.20,23.52,58.137238
5.30,24.05,61.337425
5.40,24.58,64.539154
5.50,25.13,67.74548
5.60,25.68,70.9518
5.70,26.25,74.16129
5.80,26.82,77.37325
5.90,27.41,80.58518
6.00,28.00,83.79714
6.10,28.61,87.00907
6.20,29.22,90.22608
6.30,29.85,93.44819
6.40,30.48,96.67028
6.50,31.13,99.89237
6.60,31.78,103.11448
6.70,32.45,106.336555
6.80,33.12,109.55871
6.90,33.81,112.780785
7.00,34.50,116.002884
7.10,35.21,119.22498
7.20,35.92,122.44707
7.30,36.65,125.6692
7.40,37.38,128.89128
7.50,38.13,132.11343
7.60,38.88,135.3355
7.70,39.65,138.55756
7.80,40.42,141.77968
7.90,41.21,145.00183
8.00,42.00,148.22472
8.10,42.81,151.45085
8.20,43.62,154.6769
8.30,44.45,157.90295
8.40,45.28,161.12901
8.50,46.13,164.35512
8.60,46.98,167.58122
8.70,47.85,170.80727
8.80,48.72,174.03334
8.90,49.61,177.25938
9.00,50.50,180.48549
9.10,51.41,183.7116
9.20,52.32,186.93765
9.30,53.25,190.16377
9.40,54.18,193.3898
9.50,55.13,196.61589
9.60,56.08,199.84196
9.70,57.05,203.06808
9.80,58.02,206.29414
9.90,59.01,209.52019
10.00,60.00,212.7463
10.10,61.01,215.97235
10.20,62.02,219.19841
10.30,63.05,222.42448
10.40,64.08,225.65059
10.50,65.13,228.87665
10.60,66.18,232.1028
10.70,67.25,235.3288
10.80,68.32,238.55487
10.90,69.41,241.78096
11.00,70.50,245.00699
11.10,71.61,248.23317
11.20,72.72,251.45914
11.30,73.85,254.68533
11.40,74.98,257.91138
11.50,76.13,261.1373
11.60,77.28,264.36353
11.70,78.45,267.5896
11.80,79.62,270.8157
11.90,80.81,274.04163
12.00,82.00,277.2678
12.10,83.21,280.49387
12.20,84.42,283.71988
12.30,85.65,286.946
12.40,86.88,290.17212
12.50,88.13,293.39816
12.60,89.38,296.62424
12.70,90.65,299.85028
12.80,91.92,303.07648
12.90,93.21,306.30237
13.00,94.50,309.5286
13.10,95.81,312.75455
13.20,97.12,315.9807
13.30,98.45,319.20673
13.40,99.78,322.4328
13.50,101.13,325.65894
13.60,102.48,328.885
13.70,103.85,332.11102
13.80,105.22,335.33716
13.90,106.61,338.56317
14.00,108.00,341.7893
14.10,109.41,345.01544
14.20,110.82,348.24152
14.30,112.25,351.46753
14.40,113.68,354.69366
14.50,115.13,357.91974
14.60,116.58,361.1458
14.70,118.05,364.3718
14.80,119.52,367.5979
14.90,121.01,370.82404
15.00,122.50,374.0501
15.10,124.01,377.27612
15.20,125.52,380.5022
15.30,127.05,383.72827
15.40,128.58,386.9543
15.50,130.13,390.18045
15.60,131.68,393.40656
15.70,133.25,396.63257
15.80,134.82,399.85864
15.90,136.41,403.08478
16.00,138.00,406.3108
16.10,139.61,409.53693
16.20,141.22,412.763
16.30,142.85,415.98895
16.40,144.48,419.21512
16.50,146.13,422.44107
16.60,147.78,425.66718
16.70,149.45,428.89352
16.80,151.12,432.11945
16.90,152.81,435.3454
17.00,154.50,438.57162
17.10,156.21,441.79773
17.20,157.92,445.02377
17.30,159.65,448.24982
17.40,161.38,451.47583
17.50,163.13,454.70197
17.60,164.88,457.92804
17.70,166.65,461.15424
17.80,168.42,464.3802
17.90,170.21,467.6071
18.00,172.00,470.8347
18.10,173.81,474.06232
18.20,175.62,477.28992
18.30,177.45,480.51733
18.40,179.28,483.74496
18.50,181.13,486.9728
18.60,182.98,490.20038
18.70,184.85,493.42792
18.80,186.72,496.6554
18.90,188.61,499.8831
19.00,190.50,503.11078
19.10,192.41,506.33847
19.20,194.32,509.56598
19.30,196.25,512.7934
19.40,198.18,516.0211
19.50,200.13,519.2487
19.60,202.08,522.4763
19.70,204.05,525.70404
19.80,206.02,528.9316
19.90,208.01,532.15906
20.00,210.00,535.3867
20.10,212.01,538.6143
20.20,214.02,541.84204
20.30,216.05,545.06946
20.40,218.08,548.2972
20.50,220.13,551.52466
20.60,222.18,554.75244
20.70,224.25,557.98
20.80,226.32,561.20764
20.90,228.41,564.43506
21.00,230.50,567.6636
21.10,232.61,570.8927
21.20,234.72,574.12164
21.30,236.85,577.3506
21.40,238.98,580.5794
21.50,241.13,583.80835
21.60,243.28,587.0376
21.70,245.45,590.2666
21.80,247.62,593.49536
21.90,249.81,596.7244
22.00,252.00,599.95337
22.10,254.21,603.18225
22.20,256.42,606.4112
22.30,258.65,609.64026
22.40,260.88,612.8692
22.50,263.13,616.09796
22.60,265.38,619.327
22.70,267.65,622.5559
22.80,269.92,625.78485
22.90,272.21,629.0138
23.00,274.50,632.2431
23.10,276.81,635.4717
23.20,279.12,638.7008
23.30,281.45,641.92975
23.40,283.78,645.15857
23.50,286.13,648.3875
23.60,288.48,651.6167
23.70,290.85,654.8457
23.80,293.22,658.0745
23.90,295.61,661.30347
24.00,298.00,664.53265
24.10,300.41,667.76135
24.20,302.82,670.9905
24.30,305.25,674.21924
24.40,307.68,677.4483
24.50,310.13,680.6774
24.60,312.58,683.90625
24.70,315.05,687.1352
24.80,317.52,690.36414
24.90,320.01,693.593
25.00,322.50,696.822
25.10,325.01,700.051
25.20,327.52,703.2802
25.30,330.05,706.5091
25.40,332.58,709.7378
25.50,335.13,712.96686
25.60,337.68,716.1957
25.70,340.25,719.4247
25.80,342.82,722.6537
25.90,345.41,725.88257
26.00,348.00,729.11163
26.10,350.61,732.34045
26.20,353.22,735.56934
26.30,355.85,738.7982
26.40,358.48,742.0273
26.50,361.13,745.2565
26.60,363.78,748.4854
26.70,366.45,751.71423
26.80,369.12,754.9431
26.90,371.81,758.172
27.00,374.50,761.40125
27.10,377.21,764.6301
27.20,379.92,767.8591
27.30,382.65,771.0879
27.40,385.38,774.317
27.50,388.13,777.5459
27.60,390.88,780.775
27.70,393.65,784.0041
27.80,396.42,787.2329
27.90,399.21,790.462
28.00,402.00,793.6905
28.10,404.81,796.91956
28.20,407.62,800.1488
28.30,410.45,803.37756
28.40,413.28,806.60657
28.50,416.13,809.8356
28.60,418.98,813.06445
28.70,421.85,816.2935
28.80,424.72,819.52234
28.90,427.61,822.7514
29.00,430.50,825.9801
29.10,433.41,829.2095
29.20,436.32,832.4381
29.30,439.25,835.66724
29.40,442.18,838.8962
29.50,445.13,842.12524
29.60,448.08,845.354
29.70,451.05,848.583
29.80,454.02,851.8119
29.90,457.01,855.04095
30.00,460.00,858.27
30.10,463.01,861.4988
30.20,466.02,864.7279
30.30,469.05,867.9567
30.40,472.08,871.1854
30.50,475.13,874.4147
30.60,478.18,877.64374
30.70,481.25,880.8725
30.80,484.32,884.10156
30.90,487.41,887.3303
31.00,490.50,890.5593
31.10,493.61,893.7884
31.20,496.72,897.0176
31.30,499.85,900.24634
31.40,502.98,903.47516
31.50,506.13,906.70447
31.60,509.28,909.9331
31.70,512.45,913.1625
31.80,515.62,916.39136
31.90,518.81,919.62
32.00,522.00,922.8491
32.10,525.21,926.0779
32.20,528.42,929.307
32.30,531.65,932.53595
32.40,534.88,935.765
32.50,538.13,938.9939
32.60,541.38,942.22266
32.70,544.65,945.452
32.80,547.92,948.6807
32.90,551.21,951.9094
33.00,554.50,955.13855
33.10,557.81,958.3676
33.20,561.12,961.5962
33.30,564.45,964.82556
33.40,567.78,968.05444
33.50,571.13,971.2833
33.60,574.48,974.51245
33.70,577.85,977.74133
33.80,581.22,980.97
33.90,584.61,984.199
34.00,588.00,987.4282
34.10,591.41,990.6571
34.20,594.82,993.886
34.30,598.25,997.115
34.40,601.68,1000.3441
34.50,605.13,1003.5731
34.60,608.58,1006.80194
34.70,612.05,1010.03076
34.80,615.52,1013.25977
34.90,619.01,1016.4888
35.00,622.50,1019.71765
35.10,626.01,1022.94666
35.20,629.52,1026.1758
35.30,633.05,1029.4048
35.40,636.58,1032.6337
35.50,640.13,1035.8629
35.60,643.68,1039.0914
35.70,647.25,1042.3209
35.80,650.82,1045.5494
35.90,654.41,1048.7783
36.00,658.00,1052.0072
36.10,661.61,1055.2363
36.20,665.22,1058.4653
36.30,668.85,1061.6941
36.40,672.48,1064.9233
36.50,676.13,1068.1523
36.60,679.78,1071.381
36.70,683.45,1074.61
36.80,687.12,1077.839
36.90,690.81,1081.0679
37.00,694.50,1084.297
37.10,698.21,1087.526
37.20,701.92,1090.7549
37.30,705.65,1093.9835
37.40,709.38,1097.2129
37.50,713.13,1100.4417
37.60,716.88,1103.6705
37.70,720.65,1106.8997
37.80,724.42,1110.1288
37.90,728.21,1113.3577
38.00,732.00,1116.5867
38.10,735.81,1119.8153
38.20,739.62,1123.0446
38.30,743.45,1126.2736
38.40,747.28,1129.5022
38.50,751.13,1132.7313
38.60,754.98,1135.9602
38.70,758.85,1139.1893
38.80,762.72,1142.4181
38.90,766.61,1145.647
39.00,770.50,1148.8763
39.10,774.41,1152.105
39.20,778.32,1155.3342
39.30,782.25,1158.5629
39.40,786.18,1161.7922
39.50,790.13,1165.0206
39.60,794.08,1168.2501
39.70,798.05,1171.479
39.80,802.02,1174.7076
39.90,806.01,1177.9366
40.00,810.00,1181.1656
40.10,814.01,1184.3944
40.20,818.02,1187.6237
40.30,822.05,1190.8527
40.40,826.08,1194.0814
40.50,830.13,1197.3108
40.60,834.18,1200.5394
40.70,838.25,1203.7683
40.80,842.32,1206.9972
40.90,846.41,1210.2262
41.00,850.50,1213.4552
41.10,854.61,1216.6844
41.20,858.72,1219.9135
41.30,862.85,1223.1422
41.40,866.98,1226.3713
41.50,871.13,1229.5999
41.60,875.28,1232.8289
41.70,879.45,1236.0579
41.80,883.62,1239.287
41.90,887.81,1242.5157
42.00,892.00,1245.7449
42.10,896.21,1248.9738
42.20,900.42,1252.2028
42.30,904.65,1255.4315
42.40,908.88,1258.6606
42.50,913.13,1261.8895
42.60,917.38,1265.1185
42.70,921.65,1268.3475
42.80,925.92,1271.5763
42.90,930.21,1274.8055
43.00,934.50,1278.0343
43.10,938.81,1281.2631
43.20,943.12,1284.4923
43.30,947.45,1287.7213
43.40,951.78,1290.9503
43.50,956.13,1294.1793
43.60,960.48,1297.408
43.70,964.85,1300.6373
43.80,969.22,1303.8658
43.90,973.61,1307.095
44.00,978.00,1310.3239
44.10,982.41,1313.5527
44.20,986.82,1316.7821
44.30,991.25,1320.0106
44.40,995.68,1323.2399
44.50,1000.13,1326.4686
44.60,1004.58,1329.6976
44.70,1009.05,1332.9264
44.80,1013.52,1336.1556
44.90,1018.01,1339.3846
45.00,1022.50,1342.6138
45.10,1027.01,1345.8424
45.20,1031.52,1349.0718
45.30,1036.05,1352.3003
45.40,1040.58,1355.5292
45.50,1045.13,1358.7582
45.60,1049.68,1361.9877
45.70,1054.25,1365.2161
45.80,1058.82,1368.4451
45.90,1063.41,1371.6742
46.00,1068.00,1374.903
46.10,1072.61,1378.132
46.20,1077.22,1381.3612
46.30,1081.85,1384.59
46.40,1086.48,1387.8192
46.50,1091.13,1391.0475
46.60,1095.78,1394.2767
46.70,1100.45,1397.5057
46.80,1105.12,1400.7347
46.90,1109.81,1403.9637
47.00,1114.50,1407.1925
47.10,1119.21,1410.4218
47.20,1123.92,1413.6508
47.30,1128.65,1416.8793
47.40,1133.38,1420.1086
47.50,1138.13,1423.3375
47.60,1142.88,1426.5664
47.70,1147.65,1429.7958
47.80,1152.42,1433.0244
47.90,1157.21,1436.2528
48.00,1162.00,1439.482
48.10,1166.81,1442.7113
48.20,1171.62,1445.9401
48.30,1176.45,1449.1693
48.40,1181.28,1452.3981
48.50,1186.13,1455.6268
48.60,1190.98,1458.8566
48.70,1195.85,1462.0848
48.80,1200.72,1465.3138
48.90,1205.61,1468.5428
49.00,1210.50,1471.7719
49.10,1215.41,1475.0006
49.20,1220.32,1478.23
49.30,1225.25,1481.459
49.40,1230.18,1484.6876
49.50,1235.13,1487.9167
49.60,1240.08,1491.1459
49.70,1245.05,1494.3741
49.80,1250.02,1497.604
49.90,1255.01,1500.8328
50.00,1260.00,1504.0612
50.10,1265.01,1507.29
50.20,1270.02,1510.5194
50.30,1275.05,1513.7484
50.40,1280.08,1516.9777
50.50,1285.13,1520.2063
50.60,1290.18,1523.4353
50.70,1295.25,1526.6642
50.80,1300.32,1529.8934
50.90,1305.41,1533.1222
51.00,1310.50,1536.3507
51.10,1315.61,1539.5804
51.20,1320.72,1542.8087
51.30,1325.85,1546.0375
51.40,1330.98,1549.2667
51.50,1336.13,1552.4957
51.60,1341.28,1555.7245
51.70,1346.45,1558.9536
51.80,1351.62,1562.1827
51.90,1356.81,1565.4113
52.00,1362.00,1568.6407
52.10,1367.21,1571.8696
52.20,1372.42,1575.0989
52.30,1377.65,1578.3275
52.40,1382.88,1581.5563
52.50,1388.13,1584.7855
52.60,1393.38,1588.014
52.70,1398.65,1591.243
52.80,1403.92,1594.4723
52.90,1409.21,1597.7013
53.00,1414.50,1600.9298
53.10,1419.81,1604.1588
53.20,1425.12,1607.3882
53.30,1430.45,1610.6173
53.40,1435.78,1613.8462
53.50,1441.13,1617.0748
53.60,1446.48,1620.3038
53.70,1451.85,1623.5327
53.80,1457.22,1626.7616
53.90,1462.61,1629.9908
54.00,1468.00,1633.2196
54.10,1473.41,1636.4484
54.20,1478.82,1639.6774
54.30,1484.25,1642.9067
54.40,1489.68,1646.1354
54.50,1495.13,1649.365
54.60,1500.58,1652.5931
54.70,1506.05,1655.8226
54.80,1511.52,1659.0511
54.90,1517.01,1662.2806
55.00,1522.50,1665.5096
55.10,1528.01,1668.7384
55.20,1533.52,1671.9669
55.30,1539.05,1675.1965
55.40,1544.58,1678.4253
55.50,1550.13,1681.654
55.60,1555.68,1684.8828
55.70,1561.25,1688.1124
55.80,1566.82,1691.341
55.90,1572.41,1694.5695
56.00,1578.00,1697.7988
56.10,1583.61,1701.0277
56.20,1589.22,1704.2565
56.30,1594.85,1707.4857
56.40,1600.48,1710.7142
56.50,1606.13,1713.9436
56.60,1611.78,1717.172
56.70,1617.45,1720.4014
56.80,1623.12,1723.6306
56.90,1628.81,1726.859
57.00,1634.50,1730.0883
57.10,1640.21,1733.317
57.20,1645.92,1736.5463
57.30,1651.65,1739.775
57.40,1657.38,1743.0042
57.50,1663.13,1746.2335
57.60,1668.88,1749.462
57.70,1674.65,1752.691
57.80,1680.42,1755.92
57.90,1686.21,1759.149
58.00,1692.00,1762.3778
58.10,1697.81,1765.607
58.20,1703.62,1768.8353
58.30,1709.45,1772.0643
58.40,1715.28,1775.2938
58.50,1721.13,1778.5226
58.60,1726.98,1781.7518
58.70,1732.85,1784.981
58.80,1738.72,1788.2098
58.90,1744.61,1791.4384
59.00,1750.50,1794.6677
59.10,1756.41,1797.8964
59.20,1762.32,1801.1256
59.30,1768.25,1804.3549
59.40,1774.18,1807.5836
59.50,1780.13,1810.8124
59.60,1786.08,1814.0413
59.70,1792.05,1817.2704
59.80,1798.02,1820.4994
59.90,1804.01,1823.7284
60.00,1810.00,1826.9574
60.10,1816.01,1830.1858
60.20,1822.02,1833.4153
60.30,1828.05,1836.6436
60.40,1834.08,1839.8732
60.50,1840.13,1843.102
60.60,1846.18,1846.3306
60.70,1852.25,1849.5598
60.80,1858.32,1852.7885
60.90,1864.41,1856.018
61.00,1870.50,1859.247
61.10,1876.61,1862.4756
61.20,1882.72,1865.705
61.30,1888.85,1868.9332
61.40,1894.98,1872.1628
61.50,1901.13,1875.3917
61.60,1907.28,1878.6202
61.70,1913.45,1881.8496
61.80,1919.62,1885.0784
61.90,1925.81,1888.3076
62.00,1932.00,1891.5363
62.10,1938.21,1894.7649
62.20,1944.42,1897.9944
62.30,1950.65,1901.2233
62.40,1956.88,1904.452
62.50,1963.13,1907.6804
62.60,1969.38,1910.9093
62.70,1975.65,1914.1392
62.80,1981.92,1917.368
62.90,1988.21,1920.5969
63.00,1994.50,1923.8257
63.10,2000.81,1927.0541
63.20,2007.12,1930.2837
63.30,2013.45,1933.5126
63.40,2019.78,1936.7423
63.50,2026.13,1939.9708
63.60,2032.48,1943.2001
63.70,2038.85,1946.4288
63.80,2045.22,1949.6577
63.90,2051.61,1952.8861
64.00,2058.00,1956.1151
64.10,2064.41,1959.344
64.20,2070.82,1962.5732
64.30,2077.25,1965.8019
64.40,2083.68,1969.0312
64.50,2090.13,1972.2603
64.60,2096.58,1975.489
64.70,2103.05,1978.7181
64.80,2109.52,1981.9473
64.90,2116.01,1985.1761
65.00,2122.50,1988.4049
65.10,2129.01,1991.6339
65.20,2135.52,1994.8629
65.30,2142.05,1998.0917
65.40,2148.58,2001.3209
65.50,2155.13,2004.5499
65.60,2161.68,2007.7782
65.70,2168.25,2011.0077
65.80,2174.82,2014.2369
65.90,2181.41,2017.4655
66.00,2188.00,2020.695
66.10,2194.61,2023.9235
66.20,2201.22,2027.1526
66.30,2207.85,2030.3817
66.40,2214.48,2033.6104
66.50,2221.13,2036.8396
66.60,2227.78,2040.068
66.70,2234.45,2043.297
66.80,2241.12,2046.5265
66.90,2247.81,2049.7556
67.00,2254.50,2052.9844
67.10,2261.21,2056.2134
67.20,2267.92,2059.442
67.30,2274.65,2062.6716
67.40,2281.38,2065.9004
67.50,2288.13,2069.1287
67.60,2294.88,2072.3577
67.70,2301.65,2075.587
67.80,2308.42,2078.8157
67.90,2315.21,2082.045
68.00,2322.00,2085.2742
68.10,2328.81,2088.5032
68.20,2335.62,2091.7322
68.30,2342.45,2094.961
68.40,2349.28,2098.1897
68.50,2356.13,2101.4187
68.60,2362.98,2104.6475
68.70,2369.85,2107.8762
68.80,2376.72,2111.1052
68.90,2383.61,2114.3345
69.00,2390.50,2117.5637
69.10,2397.41,2120.7922
69.20,2404.32,2124.0212
69.30,2411.25,2127.2507
69.40,2418.18,2130.4788
69.50,2425.13,2133.708
69.60,2432.08,2136.9368
69.70,2439.05,2140.1658
69.80,2446.02,2143.3953
69.90,2453.01,2146.624
70.00,2460.00,2149.8525
70.10,2467.01,2153.0815
70.20,2474.02,2156.3105
70.30,2481.05,2159.54
70.40,2488.08,2162.769
70.50,2495.13,2165.9978
70.60,2502.18,2169.2268
70.70,2509.25,2172.4558
70.80,2516.32,2175.685
70.90,2523.41,2178.9136
71.00,2530.50,2182.1423
71.10,2537.61,2185.3713
71.20,2544.72,2188.6003
71.30,2551.85,2191.829
71.40,2558.98,2195.0586
71.50,2566.13,2198.2874
71.60,2573.28,2201.5159
71.70,2580.45,2204.745
71.80,2587.62,2207.9744
71.90,2594.81,2211.203
72.00,2602.00,2214.432
72.10,2609.21,2217.6614
72.20,2616.42,2220.8904
72.30,2623.65,2224.1194
72.40,2630.88,2227.348
72.50,2638.13,2230.577
72.60,2645.38,2233.8062
72.70,2652.65,2237.0344
72.80,2659.92,2240.2632
72.90,2667.21,2243.4927
73.00,2674.50,2246.7214
73.10,2681.81,2249.951
73.20,2689.12,2253.18
73.30,2696.45,2256.409
73.40,2703.78,2259.6372
73.50,2711.13,2262.8665
73.60,2718.48,2266.0955
73.70,2725.85,2269.325
73.80,2733.22,2272.5535
73.90,2740.61,2275.7825
74.00,2748.00,2279.0117
74.10,2755.41,2282.24
74.20,2762.82,2285.469
74.30,2770.25,2288.6985
74.40,2777.68,2291.9272
74.50,2785.13,2295.1555
74.60,2792.58,2298.385
74.70,2800.05,2301.614
74.80,2807.52,2304.8425
74.90,2815.01,2308.072
75.00,2822.50,2311.301
75.10,2830.01,2314.5295
75.20,2837.52,2317.759
75.30,2845.05,2320.9875
75.40,2852.58,2324.217
75.50,2860.13,2327.4458
75.60,2867.68,2330.674
75.70,2875.25,2333.903
75.80,2882.82,2337.132
75.90,2890.41,2340.361
76.00,2898.00,2343.591
76.10,2905.61,2346.8193
76.20,2913.22,2350.0486
76.30,2920.85,2353.2776
76.40,2928.48,2356.5066
76.50,2936.13,2359.7346
76.60,2943.78,2362.9639
76.70,2951.45,2366.193
76.80,2959.12,2369.4216
76.90,2966.81,2372.6511
77.00,2974.50,2375.8806
77.10,2982.21,2379.108
77.20,2989.92,2382.3384
77.30,2997.65,2385.5671
77.40,3005.38,2388.7952
77.50,3013.13,2392.0247
77.60,3020.88,2395.2532
77.70,3028.65,2398.4824
77.80,3036.42,2401.7117
77.90,3044.21,2404.9404
78.00,3052.00,2408.1697
78.10,3059.81,2411.3982
78.20,3067.62,2414.6267
78.30,3075.45,2417.8562
78.40,3083.28,2421.085
78.50,3091.13,2424.3142
78.60,3098.98,2427.5427
78.70,3106.85,2430.7712
78.80,3114.72,2434.0012
78.90,3122.61,2437.2307
79.00,3130.50,2440.4597
79.10,3138.41,2443.6877
79.20,3146.32,2446.9172
79.30,3154.25,2450.1458
79.40,3162.18,2453.3752
79.50,3170.13,2456.6033
79.60,3178.08,2459.8325
79.70,3186.05,2463.0618
79.80,3194.02,2466.2908
79.90,3202.01,2469.5193
80.00,3210.00,2472.7488
80.10,3218.01,2475.9773
80.20,3226.02,2479.2063
80.30,3234.05,2482.4358
80.40,3242.08,2485.6648
80.50,3250.13,2488.8938
80.60,3258.18,2492.1218
80.70,3266.25,2495.3513
80.80,3274.32,2498.5806
80.90,3282.41,2501.8093
81.00,3290.50,2505.038
81.10,3298.61,2508.2668
81.20,3306.72,2511.4954
81.30,3314.85,2514.7253
81.40,3322.98,2517.9539
81.50,3331.13,2521.1826
81.60,3339.28,2524.4124
81.70,3347.45,2527.6414
81.80,3355.62,2530.8699
81.90,3363.81,2534.0994
82.00,3372.00,2537.328
82.10,3380.21,2540.5566
82.20,3388.42,2543.7856
82.30,3396.65,2547.015
82.40,3404.88,2550.244
82.50,3413.13,2553.473
82.60,3421.38,2556.7014
82.70,3429.65,2559.9302
82.80,3437.92,2563.16
82.90,3446.21,2566.389
83.00,3454.50,2569.6174
83.10,3462.81,2572.847
83.20,3471.12,2576.075
83.30,3479.45,2579.3042
83.40,3487.78,2582.533
83.50,3496.13,2585.7615
83.60,3504.48,2588.9912
83.70,3512.85,2592.2202
83.80,3521.22,2595.4485
83.90,3529.61,2598.6782
84.00,3538.00,2601.906
84.10,3546.41,2605.136
84.20,3554.82,2608.364
84.30,3563.25,2611.594
84.40,3571.68,2614.8235
84.50,3580.13,2618.0518
84.60,3588.58,2621.28
84.70,3597.05,2624.5088
84.80,3605.52,2627.7388
84.90,3614.01,2630.968
85.00,3622.50,2634.1965
85.10,3631.01,2637.425
85.20,3639.52,2640.654
85.30,3648.05,2643.8835
85.40,3656.58,2647.1118
85.50,3665.13,2650.3413
85.60,3673.68,2653.5706
85.70,3682.25,2656.799
85.80,3690.82,2660.0295
85.90,3699.41,2663.2578
86.00,3708.00,2666.4863
86.10,3716.61,2669.715
86.20,3725.22,2672.9446
86.30,3733.85,2676.173
86.40,3742.48,2679.4016
86.50,3751.13,2682.6304
86.60,3759.78,2685.8596
86.70,3768.45,2689.0881
86.80,3777.12,2692.3176
86.90,3785.81,2695.5469
87.00,3794.50,2698.7756
87.10,3803.21,2702.0042
87.20,3811.92,2705.2341
87.30,3820.65,2708.4626
87.40,3829.38,2711.691
87.50,3838.13,2714.9207
87.60,3846.88,2718.1487
87.70,3855.65,2721.378
87.80,3864.42,2724.6077
87.90,3873.21,2727.8362
88.00,3882.00,2731.0647
88.10,3890.81,2734.2937
88.20,3899.62,2737.5222
88.30,3908.45,2740.7515
88.40,3917.28,2743.9814
88.50,3926.13,2747.2102
88.60,3934.98,2750.4387
88.70,3943.85,2753.6677
88.80,3952.72,2756.8972
88.90,3961.61,2760.1262
89.00,3970.50,2763.3547
89.10,3979.41,2766.5837
89.20,3988.32,2769.8125
89.30,3997.25,2773.0413
89.40,4006.18,2776.2708
89.50,4015.13,2779.4995
89.60,4024.08,2782.7288
89.70,4033.05,2785.9568
89.80,4042.02,2789.1877
89.90,4051.01,2792.4163
90.00,4060.00,2795.6438
90.10,4069.01,2798.8743
90.20,4078.02,2802.1025
90.30,4087.05,2805.3318
90.40,4096.08,2808.5608
90.50,4105.13,2811.7893
90.60,4114.18,2815.0173
90.70,4123.25,2818.2458
90.80,4132.32,2821.4758
90.90,4141.41,2824.7056
91.00,4150.50,2827.9338
91.10,4159.61,2831.163
91.20,4168.72,2834.3918
91.30,4177.85,2837.6208
91.40,4186.98,2840.8499
91.50,4196.13,2844.0784
91.60,4205.28,2847.3074
91.70,4214.45,2850.5369
91.80,4223.62,2853.7659
91.90,4232.81,2856.9944
92.00,4242.00,2860.2234
92.10,4251.21,2863.4524
92.20,4260.42,2866.6807
92.30,4269.65,2869.9104
92.40,4278.88,2873.139
92.50,4288.13,2876.3684
92.60,4297.38,2879.5974
92.70,4306.65,2882.826
92.80,4315.92,2886.055
92.90,4325.21,2889.2837
93.00,4334.50,2892.5134
93.10,4343.81,2895.7424
93.20,4353.12,2898.971
93.30,4362.45,2902.1997
93.40,4371.78,2905.428
93.50,4381.13,2908.6584
93.60,4390.48,2911.8865
93.70,4399.85,2915.1152
93.80,4409.22,2918.3447
93.90,4418.61,2921.5735
94.00,4428.00,2924.803
94.10,4437.41,2928.0317
94.20,4446.82,2931.261
94.30,4456.25,2934.4895
94.40,4465.68,2937.7195
94.50,4475.13,2940.9475
94.60,4484.58,2944.177
94.70,4494.05,2947.4053
94.80,4503.52,2950.634
94.90,4513.01,2953.863
95.00,4522.50,2957.0925
95.10,4532.01,2960.321
95.20,4541.52,2963.5503
95.30,4551.05,2966.7788
95.40,4560.58,2970.0076
95.50,4570.13,2973.237
95.60,4579.68,2976.4658
95.70,4589.25,2979.6943
95.80,4598.82,2982.924
95.90,4608.41,2986.1528
96.00,4618.00,2989.3816
96.10,4627.61,2992.6108
96.20,4637.22,2995.84
96.30,4646.85,2999.0688
96.40,4656.48,3002.297
96.50,4666.13,3005.5266
96.60,4675.78,3008.756
96.70,4685.45,3011.9854
96.80,4695.12,3015.214
96.90,4704.81,3018.4421
97.00,4714.50,3021.6716
97.10,4724.21,3024.901
97.20,4733.92,3028.1292
97.30,4743.65,3031.3586
97.40,4753.38,3034.5876
97.50,4763.13,3037.8162
97.60,4772.88,3041.0452
97.70,4782.65,3044.2737
97.80,4792.42,3047.5024
97.90,4802.21,3050.7314
98.00,4812.00,3053.9612
98.10,4821.81,3057.1904
98.20,4831.62,3060.4185
98.30,4841.45,3063.6477
98.40,4851.28,3066.8767
98.50,4861.13,3070.1067
98.60,4870.98,3073.3357
98.70,4880.85,3076.5637
98.80,4890.72,3079.7932
98.90,4900.61,3083.0215
99.00,4910.50,3086.25
99.10,4920.41,3089.4797
99.20,4930.32,3092.7085
99.30,4940.25,3095.9377
99.40,4950.18,3099.1663
99.50,4960.13,3102.3953
99.60,4970.08,3105.6248
99.70,4980.05,3108.8533
99.80,4990.02,3112.0828
99.90,5000.01,3115.3113
100.00,5010.00,3118.5403
